second,Volt
-2.500000000000e+000, 5.79211e+000
-2.497900000000e+000, 5.79211e+000
-2.495800000000e+000, 6.19412e+000
-2.493700000000e+000, 6.19412e+000
-2.491600000000e+000, 6.59613e+000
-2.489500000000e+000, 6.59613e+000
-2.487400000000e+000, 6.59613e+000
-2.485300000000e+000, 6.99814e+000
-2.483200000000e+000, 6.99814e+000
-2.481100000000e+000, 7.40015e+000
-2.479000000000e+000, 7.40015e+000
-2.476900000000e+000, 7.80216e+000
-2.474800000000e+000, 8.20417e+000
-2.472700000000e+000, 8.20417e+000
-2.470600000000e+000, 8.20417e+000
-2.468500000000e+000, 8.60618e+000
-2.466400000000e+000, 8.60618e+000
-2.464300000000e+000, 8.60618e+000
-2.462200000000e+000, 9.00819e+000
-2.460100000000e+000, 9.00819e+000
-2.458000000000e+000, 9.00819e+000
-2.455900000000e+000, 9.41020e+000
-2.453800000000e+000, 9.41020e+000
-2.451700000000e+000, 9.81221e+000
-2.449600000000e+000, 9.81221e+000
-2.447500000000e+000, 1.02142e+001
-2.445400000000e+000, 1.02142e+001
-2.443300000000e+000, 1.02142e+001
-2.441200000000e+000, 1.06162e+001
-2.439100000000e+000, 1.06162e+001
-2.437000000000e+000, 1.06162e+001
-2.434900000000e+000, 1.10182e+001
-2.432800000000e+000, 1.14203e+001
-2.430700000000e+000, 1.10182e+001
-2.428600000000e+000, 1.14203e+001
-2.426500000000e+000, 1.14203e+001
-2.424400000000e+000, 1.18223e+001
-2.422300000000e+000, 1.18223e+001
-2.420200000000e+000, 1.18223e+001
-2.418100000000e+000, 1.22243e+001
-2.416000000000e+000, 1.22243e+001
-2.413900000000e+000, 1.22243e+001
-2.411800000000e+000, 1.26263e+001
-2.409700000000e+000, 1.26263e+001
-2.407600000000e+000, 1.26263e+001
-2.405500000000e+000, 1.26263e+001
-2.403400000000e+000, 1.26263e+001
-2.401300000000e+000, 1.30283e+001
-2.399200000000e+000, 1.30283e+001
-2.397100000000e+000, 1.30283e+001
-2.395000000000e+000, 1.30283e+001
-2.392900000000e+000, 1.30283e+001
-2.390800000000e+000, 1.34303e+001
-2.388700000000e+000, 1.34303e+001
-2.386600000000e+000, 1.34303e+001
-2.384500000000e+000, 1.34303e+001
-2.382400000000e+000, 1.38323e+001
-2.380300000000e+000, 1.34303e+001
-2.378200000000e+000, 1.34303e+001
-2.376100000000e+000, 1.34303e+001
-2.374000000000e+000, 1.38323e+001
-2.371900000000e+000, 1.38323e+001
-2.369800000000e+000, 1.38323e+001
-2.367700000000e+000, 1.38323e+001
-2.365600000000e+000, 1.42343e+001
-2.363500000000e+000, 1.42343e+001
-2.361400000000e+000, 1.42343e+001
-2.359300000000e+000, 1.38323e+001
-2.357200000000e+000, 1.38323e+001
-2.355100000000e+000, 1.38323e+001
-2.353000000000e+000, 1.38323e+001
-2.350900000000e+000, 1.42343e+001
-2.348800000000e+000, 1.42343e+001
-2.346700000000e+000, 1.42343e+001
-2.344600000000e+000, 1.38323e+001
-2.342500000000e+000, 1.42343e+001
-2.340400000000e+000, 1.42343e+001
-2.338300000000e+000, 1.42343e+001
-2.336200000000e+000, 1.42343e+001
-2.334100000000e+000, 1.42343e+001
-2.332000000000e+000, 1.42343e+001
-2.329900000000e+000, 1.42343e+001
-2.327800000000e+000, 1.42343e+001
-2.325700000000e+000, 1.38323e+001
-2.323600000000e+000, 1.42343e+001
-2.321500000000e+000, 1.42343e+001
-2.319400000000e+000, 1.42343e+001
-2.317300000000e+000, 1.38323e+001
-2.315200000000e+000, 1.38323e+001
-2.313100000000e+000, 1.42343e+001
-2.311000000000e+000, 1.38323e+001
-2.308900000000e+000, 1.42343e+001
-2.306800000000e+000, 1.38323e+001
-2.304700000000e+000, 1.38323e+001
-2.302600000000e+000, 1.38323e+001
-2.300500000000e+000, 1.38323e+001
-2.298400000000e+000, 1.38323e+001
-2.296300000000e+000, 1.38323e+001
-2.294200000000e+000, 1.38323e+001
-2.292100000000e+000, 1.38323e+001
-2.290000000000e+000, 1.38323e+001
-2.287900000000e+000, 1.38323e+001
-2.285800000000e+000, 1.38323e+001
-2.283700000000e+000, 1.38323e+001
-2.281600000000e+000, 1.38323e+001
-2.279500000000e+000, 1.38323e+001
-2.277400000000e+000, 1.34303e+001
-2.275300000000e+000, 1.34303e+001
-2.273200000000e+000, 1.34303e+001
-2.271100000000e+000, 1.34303e+001
-2.269000000000e+000, 1.34303e+001
-2.266900000000e+000, 1.34303e+001
-2.264800000000e+000, 1.34303e+001
-2.262700000000e+000, 1.34303e+001
-2.260600000000e+000, 1.30283e+001
-2.258500000000e+000, 1.34303e+001
-2.256400000000e+000, 1.34303e+001
-2.254300000000e+000, 1.30283e+001
-2.252200000000e+000, 1.30283e+001
-2.250100000000e+000, 1.30283e+001
-2.248000000000e+000, 1.30283e+001
-2.245900000000e+000, 1.30283e+001
-2.243800000000e+000, 1.30283e+001
-2.241700000000e+000, 1.30283e+001
-2.239600000000e+000, 1.30283e+001
-2.237500000000e+000, 1.26263e+001
-2.235400000000e+000, 1.30283e+001
-2.233300000000e+000, 1.26263e+001
-2.231200000000e+000, 1.26263e+001
-2.229100000000e+000, 1.26263e+001
-2.227000000000e+000, 1.26263e+001
-2.224900000000e+000, 1.26263e+001
-2.222800000000e+000, 1.26263e+001
-2.220700000000e+000, 1.26263e+001
-2.218600000000e+000, 1.26263e+001
-2.216500000000e+000, 1.26263e+001
-2.214400000000e+000, 1.22243e+001
-2.212300000000e+000, 1.22243e+001
-2.210200000000e+000, 1.26263e+001
-2.208100000000e+000, 1.22243e+001
-2.206000000000e+000, 1.22243e+001
-2.203900000000e+000, 1.22243e+001
-2.201800000000e+000, 1.22243e+001
-2.199700000000e+000, 1.26263e+001
-2.197600000000e+000, 1.22243e+001
-2.195500000000e+000, 1.18223e+001
-2.193400000000e+000, 1.22243e+001
-2.191300000000e+000, 1.18223e+001
-2.189200000000e+000, 1.18223e+001
-2.187100000000e+000, 1.18223e+001
-2.185000000000e+000, 1.18223e+001
-2.182900000000e+000, 1.18223e+001
-2.180800000000e+000, 1.18223e+001
-2.178700000000e+000, 1.18223e+001
-2.176600000000e+000, 1.18223e+001
-2.174500000000e+000, 1.18223e+001
-2.172400000000e+000, 1.18223e+001
-2.170300000000e+000, 1.14203e+001
-2.168200000000e+000, 1.14203e+001
-2.166100000000e+000, 1.18223e+001
-2.164000000000e+000, 1.18223e+001
-2.161900000000e+000, 1.18223e+001
-2.159800000000e+000, 1.14203e+001
-2.157700000000e+000, 1.14203e+001
-2.155600000000e+000, 1.14203e+001
-2.153500000000e+000, 1.14203e+001
-2.151400000000e+000, 1.14203e+001
-2.149300000000e+000, 1.14203e+001
-2.147200000000e+000, 1.14203e+001
-2.145100000000e+000, 1.14203e+001
-2.143000000000e+000, 1.10182e+001
-2.140900000000e+000, 1.14203e+001
-2.138800000000e+000, 1.10182e+001
-2.136700000000e+000, 1.10182e+001
-2.134600000000e+000, 1.10182e+001
-2.132500000000e+000, 1.10182e+001
-2.130400000000e+000, 1.10182e+001
-2.128300000000e+000, 1.10182e+001
-2.126200000000e+000, 1.10182e+001
-2.124100000000e+000, 1.10182e+001
-2.122000000000e+000, 1.10182e+001
-2.119900000000e+000, 1.10182e+001
-2.117800000000e+000, 1.10182e+001
-2.115700000000e+000, 1.10182e+001
-2.113600000000e+000, 1.06162e+001
-2.111500000000e+000, 1.10182e+001
-2.109400000000e+000, 1.10182e+001
-2.107300000000e+000, 1.06162e+001
-2.105200000000e+000, 1.06162e+001
-2.103100000000e+000, 1.06162e+001
-2.101000000000e+000, 1.06162e+001
-2.098900000000e+000, 1.06162e+001
-2.096800000000e+000, 1.06162e+001
-2.094700000000e+000, 1.06162e+001
-2.092600000000e+000, 1.06162e+001
-2.090500000000e+000, 1.06162e+001
-2.088400000000e+000, 1.06162e+001
-2.086300000000e+000, 1.06162e+001
-2.084200000000e+000, 1.06162e+001
-2.082100000000e+000, 1.06162e+001
-2.080000000000e+000, 1.02142e+001
-2.077900000000e+000, 1.02142e+001
-2.075800000000e+000, 1.02142e+001
-2.073700000000e+000, 1.02142e+001
-2.071600000000e+000, 1.02142e+001
-2.069500000000e+000, 1.02142e+001
-2.067400000000e+000, 1.02142e+001
-2.065300000000e+000, 1.02142e+001
-2.063200000000e+000, 1.02142e+001
-2.061100000000e+000, 1.02142e+001
-2.059000000000e+000, 1.02142e+001
-2.056900000000e+000, 1.02142e+001
-2.054800000000e+000, 1.02142e+001
-2.052700000000e+000, 9.81221e+000
-2.050600000000e+000, 9.81221e+000
-2.048500000000e+000, 1.02142e+001
-2.046400000000e+000, 9.81221e+000
-2.044300000000e+000, 9.81221e+000
-2.042200000000e+000, 9.81221e+000
-2.040100000000e+000, 9.81221e+000
-2.038000000000e+000, 9.81221e+000
-2.035900000000e+000, 9.81221e+000
-2.033800000000e+000, 9.81221e+000
-2.031700000000e+000, 9.81221e+000
-2.029600000000e+000, 9.81221e+000
-2.027500000000e+000, 9.81221e+000
-2.025400000000e+000, 9.41020e+000
-2.023300000000e+000, 9.41020e+000
-2.021200000000e+000, 9.41020e+000
-2.019100000000e+000, 9.41020e+000
-2.017000000000e+000, 9.41020e+000
-2.014900000000e+000, 9.41020e+000
-2.012800000000e+000, 9.41020e+000
-2.010700000000e+000, 9.41020e+000
-2.008600000000e+000, 9.41020e+000
-2.006500000000e+000, 9.41020e+000
-2.004400000000e+000, 9.41020e+000
-2.002300000000e+000, 9.41020e+000
-2.000200000000e+000, 9.00819e+000
-1.998100000000e+000, 9.00819e+000
-1.996000000000e+000, 9.41020e+000
-1.993900000000e+000, 9.41020e+000
-1.991800000000e+000, 9.41020e+000
-1.989700000000e+000, 9.00819e+000
-1.987600000000e+000, 9.41020e+000
-1.985500000000e+000, 9.00819e+000
-1.983400000000e+000, 9.00819e+000
-1.981300000000e+000, 9.00819e+000
-1.979200000000e+000, 9.00819e+000
-1.977100000000e+000, 9.00819e+000
-1.975000000000e+000, 9.00819e+000
-1.972900000000e+000, 9.00819e+000
-1.970800000000e+000, 9.00819e+000
-1.968700000000e+000, 9.00819e+000
-1.966600000000e+000, 9.00819e+000
-1.964500000000e+000, 9.00819e+000
-1.962400000000e+000, 9.00819e+000
-1.960300000000e+000, 9.00819e+000
-1.958200000000e+000, 9.00819e+000
-1.956100000000e+000, 8.60618e+000
-1.954000000000e+000, 9.00819e+000
-1.951900000000e+000, 9.00819e+000
-1.949800000000e+000, 9.00819e+000
-1.947700000000e+000, 8.60618e+000
-1.945600000000e+000, 8.60618e+000
-1.943500000000e+000, 8.60618e+000
-1.941400000000e+000, 8.60618e+000
-1.939300000000e+000, 8.60618e+000
-1.937200000000e+000, 8.60618e+000
-1.935100000000e+000, 8.20417e+000
-1.933000000000e+000, 8.60618e+000
-1.930900000000e+000, 8.60618e+000
-1.928800000000e+000, 8.60618e+000
-1.926700000000e+000, 8.60618e+000
-1.924600000000e+000, 8.60618e+000
-1.922500000000e+000, 8.60618e+000
-1.920400000000e+000, 8.20417e+000
-1.918300000000e+000, 8.60618e+000
-1.916200000000e+000, 8.60618e+000
-1.914100000000e+000, 8.20417e+000
-1.912000000000e+000, 8.20417e+000
-1.909900000000e+000, 8.20417e+000
-1.907800000000e+000, 8.20417e+000
-1.905700000000e+000, 8.20417e+000
-1.903600000000e+000, 8.20417e+000
-1.901500000000e+000, 8.20417e+000
-1.899400000000e+000, 8.20417e+000
-1.897300000000e+000, 8.20417e+000
-1.895200000000e+000, 8.20417e+000
-1.893100000000e+000, 8.20417e+000
-1.891000000000e+000, 7.80216e+000
-1.888900000000e+000, 8.20417e+000
-1.886800000000e+000, 7.80216e+000
-1.884700000000e+000, 7.80216e+000
-1.882600000000e+000, 7.80216e+000
-1.880500000000e+000, 8.20417e+000
-1.878400000000e+000, 7.80216e+000
-1.876300000000e+000, 7.80216e+000
-1.874200000000e+000, 7.80216e+000
-1.872100000000e+000, 7.80216e+000
-1.870000000000e+000, 7.80216e+000
-1.867900000000e+000, 8.20417e+000
-1.865800000000e+000, 7.80216e+000
-1.863700000000e+000, 7.80216e+000
-1.861600000000e+000, 7.80216e+000
-1.859500000000e+000, 7.80216e+000
-1.857400000000e+000, 7.40015e+000
-1.855300000000e+000, 7.80216e+000
-1.853200000000e+000, 7.40015e+000
-1.851100000000e+000, 7.80216e+000
-1.849000000000e+000, 7.40015e+000
-1.846900000000e+000, 7.80216e+000
-1.844800000000e+000, 7.40015e+000
-1.842700000000e+000, 7.40015e+000
-1.840600000000e+000, 7.40015e+000
-1.838500000000e+000, 7.40015e+000
-1.836400000000e+000, 7.40015e+000
-1.834300000000e+000, 7.40015e+000
-1.832200000000e+000, 7.40015e+000
-1.830100000000e+000, 7.40015e+000
-1.828000000000e+000, 7.40015e+000
-1.825900000000e+000, 7.40015e+000
-1.823800000000e+000, 7.40015e+000
-1.821700000000e+000, 7.40015e+000
-1.819600000000e+000, 7.40015e+000
-1.817500000000e+000, 7.40015e+000
-1.815400000000e+000, 6.99814e+000
-1.813300000000e+000, 7.40015e+000
-1.811200000000e+000, 7.40015e+000
-1.809100000000e+000, 7.40015e+000
-1.807000000000e+000, 7.40015e+000
-1.804900000000e+000, 7.40015e+000
-1.802800000000e+000, 6.99814e+000
-1.800700000000e+000, 6.99814e+000
-1.798600000000e+000, 6.99814e+000
-1.796500000000e+000, 6.99814e+000
-1.794400000000e+000, 6.99814e+000
-1.792300000000e+000, 6.99814e+000
-1.790200000000e+000, 6.99814e+000
-1.788100000000e+000, 6.99814e+000
-1.786000000000e+000, 6.99814e+000
-1.783900000000e+000, 6.99814e+000
-1.781800000000e+000, 6.99814e+000
-1.779700000000e+000, 6.99814e+000
-1.777600000000e+000, 6.99814e+000
-1.775500000000e+000, 6.99814e+000
-1.773400000000e+000, 6.99814e+000
-1.771300000000e+000, 6.99814e+000
-1.769200000000e+000, 6.99814e+000
-1.767100000000e+000, 6.99814e+000
-1.765000000000e+000, 6.99814e+000
-1.762900000000e+000, 6.59613e+000
-1.760800000000e+000, 6.99814e+000
-1.758700000000e+000, 6.59613e+000
-1.756600000000e+000, 6.99814e+000
-1.754500000000e+000, 6.59613e+000
-1.752400000000e+000, 6.59613e+000
-1.750300000000e+000, 6.59613e+000
-1.748200000000e+000, 6.59613e+000
-1.746100000000e+000, 6.59613e+000
-1.744000000000e+000, 6.59613e+000
-1.741900000000e+000, 6.59613e+000
-1.739800000000e+000, 6.59613e+000
-1.737700000000e+000, 6.59613e+000
-1.735600000000e+000, 6.59613e+000
-1.733500000000e+000, 6.59613e+000
-1.731400000000e+000, 6.59613e+000
-1.729300000000e+000, 6.59613e+000
-1.727200000000e+000, 6.59613e+000
-1.725100000000e+000, 6.19412e+000
-1.723000000000e+000, 6.59613e+000
-1.720900000000e+000, 6.59613e+000
-1.718800000000e+000, 6.19412e+000
-1.716700000000e+000, 6.59613e+000
-1.714600000000e+000, 6.19412e+000
-1.712500000000e+000, 6.19412e+000
-1.710400000000e+000, 6.19412e+000
-1.708300000000e+000, 6.59613e+000
-1.706200000000e+000, 6.19412e+000
-1.704100000000e+000, 6.19412e+000
-1.702000000000e+000, 6.19412e+000
-1.699900000000e+000, 6.19412e+000
-1.697800000000e+000, 6.19412e+000
-1.695700000000e+000, 6.19412e+000
-1.693600000000e+000, 6.19412e+000
-1.691500000000e+000, 6.19412e+000
-1.689400000000e+000, 6.19412e+000
-1.687300000000e+000, 6.19412e+000
-1.685200000000e+000, 6.19412e+000
-1.683100000000e+000, 6.19412e+000
-1.681000000000e+000, 6.19412e+000
-1.678900000000e+000, 5.79211e+000
-1.676800000000e+000, 6.19412e+000
-1.674700000000e+000, 6.19412e+000
-1.672600000000e+000, 6.19412e+000
-1.670500000000e+000, 5.79211e+000
-1.668400000000e+000, 5.79211e+000
-1.666300000000e+000, 6.19412e+000
-1.664200000000e+000, 5.79211e+000
-1.662100000000e+000, 6.19412e+000
-1.660000000000e+000, 5.79211e+000
-1.657900000000e+000, 6.19412e+000
-1.655800000000e+000, 5.79211e+000
-1.653700000000e+000, 5.79211e+000
-1.651600000000e+000, 5.79211e+000
-1.649500000000e+000, 5.79211e+000
-1.647400000000e+000, 5.79211e+000
-1.645300000000e+000, 5.79211e+000
-1.643200000000e+000, 5.79211e+000
-1.641100000000e+000, 5.79211e+000
-1.639000000000e+000, 5.79211e+000
-1.636900000000e+000, 5.79211e+000
-1.634800000000e+000, 5.79211e+000
-1.632700000000e+000, 5.79211e+000
-1.630600000000e+000, 5.79211e+000
-1.628500000000e+000, 5.79211e+000
-1.626400000000e+000, 5.39010e+000
-1.624300000000e+000, 5.39010e+000
-1.622200000000e+000, 5.79211e+000
-1.620100000000e+000, 5.79211e+000
-1.618000000000e+000, 5.39010e+000
-1.615900000000e+000, 5.39010e+000
-1.613800000000e+000, 5.79211e+000
-1.611700000000e+000, 5.39010e+000
-1.609600000000e+000, 5.39010e+000
-1.607500000000e+000, 5.39010e+000
-1.605400000000e+000, 5.39010e+000
-1.603300000000e+000, 5.39010e+000
-1.601200000000e+000, 5.39010e+000
-1.599100000000e+000, 5.39010e+000
-1.597000000000e+000, 5.39010e+000
-1.594900000000e+000, 5.39010e+000
-1.592800000000e+000, 5.39010e+000
-1.590700000000e+000, 5.39010e+000
-1.588600000000e+000, 5.39010e+000
-1.586500000000e+000, 5.39010e+000
-1.584400000000e+000, 5.39010e+000
-1.582300000000e+000, 5.39010e+000
-1.580200000000e+000, 5.39010e+000
-1.578100000000e+000, 5.39010e+000
-1.576000000000e+000, 5.39010e+000
-1.573900000000e+000, 5.39010e+000
-1.571800000000e+000, 4.98809e+000
-1.569700000000e+000, 4.98809e+000
-1.567600000000e+000, 5.39010e+000
-1.565500000000e+000, 5.39010e+000
-1.563400000000e+000, 4.98809e+000
-1.561300000000e+000, 5.39010e+000
-1.559200000000e+000, 4.98809e+000
-1.557100000000e+000, 5.39010e+000
-1.555000000000e+000, 4.98809e+000
-1.552900000000e+000, 5.39010e+000
-1.550800000000e+000, 4.98809e+000
-1.548700000000e+000, 4.98809e+000
-1.546600000000e+000, 4.98809e+000
-1.544500000000e+000, 4.98809e+000
-1.542400000000e+000, 4.98809e+000
-1.540300000000e+000, 4.98809e+000
-1.538200000000e+000, 4.98809e+000
-1.536100000000e+000, 4.98809e+000
-1.534000000000e+000, 4.98809e+000
-1.531900000000e+000, 4.98809e+000
-1.529800000000e+000, 4.98809e+000
-1.527700000000e+000, 4.98809e+000
-1.525600000000e+000, 5.39010e+000
-1.523500000000e+000, 4.98809e+000
-1.521400000000e+000, 4.98809e+000
-1.519300000000e+000, 4.98809e+000
-1.517200000000e+000, 4.98809e+000
-1.515100000000e+000, 4.98809e+000
-1.513000000000e+000, 4.98809e+000
-1.510900000000e+000, 5.39010e+000
-1.508800000000e+000, 4.98809e+000
-1.506700000000e+000, 5.39010e+000
-1.504600000000e+000, 5.39010e+000
-1.502500000000e+000, 5.39010e+000
-1.500400000000e+000, 5.79211e+000
-1.498300000000e+000, 5.79211e+000
-1.496200000000e+000, 6.19412e+000
-1.494100000000e+000, 6.19412e+000
-1.492000000000e+000, 6.59613e+000
-1.489900000000e+000, 6.59613e+000
-1.487800000000e+000, 6.59613e+000
-1.485700000000e+000, 6.99814e+000
-1.483600000000e+000, 6.99814e+000
-1.481500000000e+000, 7.40015e+000
-1.479400000000e+000, 7.40015e+000
-1.477300000000e+000, 7.80216e+000
-1.475200000000e+000, 8.20417e+000
-1.473100000000e+000, 8.20417e+000
-1.471000000000e+000, 8.20417e+000
-1.468900000000e+000, 8.60618e+000
-1.466800000000e+000, 8.60618e+000
-1.464700000000e+000, 9.00819e+000
-1.462600000000e+000, 9.00819e+000
-1.460500000000e+000, 9.00819e+000
-1.458400000000e+000, 9.41020e+000
-1.456300000000e+000, 9.41020e+000
-1.454200000000e+000, 9.41020e+000
-1.452100000000e+000, 9.81221e+000
-1.450000000000e+000, 9.81221e+000
-1.447900000000e+000, 1.02142e+001
-1.445800000000e+000, 1.02142e+001
-1.443700000000e+000, 1.02142e+001
-1.441600000000e+000, 1.06162e+001
-1.439500000000e+000, 1.06162e+001
-1.437400000000e+000, 1.10182e+001
-1.435300000000e+000, 1.10182e+001
-1.433200000000e+000, 1.10182e+001
-1.431100000000e+000, 1.10182e+001
-1.429000000000e+000, 1.14203e+001
-1.426900000000e+000, 1.14203e+001
-1.424800000000e+000, 1.14203e+001
-1.422700000000e+000, 1.18223e+001
-1.420600000000e+000, 1.18223e+001
-1.418500000000e+000, 1.18223e+001
-1.416400000000e+000, 1.22243e+001
-1.414300000000e+000, 1.22243e+001
-1.412200000000e+000, 1.22243e+001
-1.410100000000e+000, 1.22243e+001
-1.408000000000e+000, 1.26263e+001
-1.405900000000e+000, 1.26263e+001
-1.403800000000e+000, 1.26263e+001
-1.401700000000e+000, 1.30283e+001
-1.399600000000e+000, 1.30283e+001
-1.397500000000e+000, 1.30283e+001
-1.395400000000e+000, 1.30283e+001
-1.393300000000e+000, 1.34303e+001
-1.391200000000e+000, 1.30283e+001
-1.389100000000e+000, 1.30283e+001
-1.387000000000e+000, 1.34303e+001
-1.384900000000e+000, 1.34303e+001
-1.382800000000e+000, 1.38323e+001
-1.380700000000e+000, 1.38323e+001
-1.378600000000e+000, 1.34303e+001
-1.376500000000e+000, 1.38323e+001
-1.374400000000e+000, 1.38323e+001
-1.372300000000e+000, 1.38323e+001
-1.370200000000e+000, 1.38323e+001
-1.368100000000e+000, 1.38323e+001
-1.366000000000e+000, 1.38323e+001
-1.363900000000e+000, 1.38323e+001
-1.361800000000e+000, 1.38323e+001
-1.359700000000e+000, 1.38323e+001
-1.357600000000e+000, 1.38323e+001
-1.355500000000e+000, 1.38323e+001
-1.353400000000e+000, 1.42343e+001
-1.351300000000e+000, 1.38323e+001
-1.349200000000e+000, 1.42343e+001
-1.347100000000e+000, 1.42343e+001
-1.345000000000e+000, 1.42343e+001
-1.342900000000e+000, 1.42343e+001
-1.340800000000e+000, 1.42343e+001
-1.338700000000e+000, 1.38323e+001
-1.336600000000e+000, 1.42343e+001
-1.334500000000e+000, 1.42343e+001
-1.332400000000e+000, 1.42343e+001
-1.330300000000e+000, 1.42343e+001
-1.328200000000e+000, 1.42343e+001
-1.326100000000e+000, 1.42343e+001
-1.324000000000e+000, 1.42343e+001
-1.321900000000e+000, 1.42343e+001
-1.319800000000e+000, 1.42343e+001
-1.317700000000e+000, 1.42343e+001
-1.315600000000e+000, 1.42343e+001
-1.313500000000e+000, 1.38323e+001
-1.311400000000e+000, 1.42343e+001
-1.309300000000e+000, 1.38323e+001
-1.307200000000e+000, 1.42343e+001
-1.305100000000e+000, 1.38323e+001
-1.303000000000e+000, 1.38323e+001
-1.300900000000e+000, 1.38323e+001
-1.298800000000e+000, 1.38323e+001
-1.296700000000e+000, 1.38323e+001
-1.294600000000e+000, 1.38323e+001
-1.292500000000e+000, 1.38323e+001
-1.290400000000e+000, 1.38323e+001
-1.288300000000e+000, 1.38323e+001
-1.286200000000e+000, 1.38323e+001
-1.284100000000e+000, 1.34303e+001
-1.282000000000e+000, 1.34303e+001
-1.279900000000e+000, 1.34303e+001
-1.277800000000e+000, 1.34303e+001
-1.275700000000e+000, 1.34303e+001
-1.273600000000e+000, 1.34303e+001
-1.271500000000e+000, 1.30283e+001
-1.269400000000e+000, 1.34303e+001
-1.267300000000e+000, 1.34303e+001
-1.265200000000e+000, 1.34303e+001
-1.263100000000e+000, 1.34303e+001
-1.261000000000e+000, 1.34303e+001
-1.258900000000e+000, 1.30283e+001
-1.256800000000e+000, 1.30283e+001
-1.254700000000e+000, 1.30283e+001
-1.252600000000e+000, 1.30283e+001
-1.250500000000e+000, 1.30283e+001
-1.248400000000e+000, 1.30283e+001
-1.246300000000e+000, 1.30283e+001
-1.244200000000e+000, 1.30283e+001
-1.242100000000e+000, 1.30283e+001
-1.240000000000e+000, 1.30283e+001
-1.237900000000e+000, 1.30283e+001
-1.235800000000e+000, 1.30283e+001
-1.233700000000e+000, 1.30283e+001
-1.231600000000e+000, 1.26263e+001
-1.229500000000e+000, 1.26263e+001
-1.227400000000e+000, 1.26263e+001
-1.225300000000e+000, 1.26263e+001
-1.223200000000e+000, 1.26263e+001
-1.221100000000e+000, 1.22243e+001
-1.219000000000e+000, 1.22243e+001
-1.216900000000e+000, 1.22243e+001
-1.214800000000e+000, 1.26263e+001
-1.212700000000e+000, 1.22243e+001
-1.210600000000e+000, 1.22243e+001
-1.208500000000e+000, 1.22243e+001
-1.206400000000e+000, 1.26263e+001
-1.204300000000e+000, 1.22243e+001
-1.202200000000e+000, 1.22243e+001
-1.200100000000e+000, 1.22243e+001
-1.198000000000e+000, 1.22243e+001
-1.195900000000e+000, 1.22243e+001
-1.193800000000e+000, 1.18223e+001
-1.191700000000e+000, 1.22243e+001
-1.189600000000e+000, 1.22243e+001
-1.187500000000e+000, 1.22243e+001
-1.185400000000e+000, 1.18223e+001
-1.183300000000e+000, 1.18223e+001
-1.181200000000e+000, 1.18223e+001
-1.179100000000e+000, 1.18223e+001
-1.177000000000e+000, 1.18223e+001
-1.174900000000e+000, 1.18223e+001
-1.172800000000e+000, 1.18223e+001
-1.170700000000e+000, 1.18223e+001
-1.168600000000e+000, 1.18223e+001
-1.166500000000e+000, 1.18223e+001
-1.164400000000e+000, 1.18223e+001
-1.162300000000e+000, 1.18223e+001
-1.160200000000e+000, 1.14203e+001
-1.158100000000e+000, 1.14203e+001
-1.156000000000e+000, 1.14203e+001
-1.153900000000e+000, 1.14203e+001
-1.151800000000e+000, 1.14203e+001
-1.149700000000e+000, 1.14203e+001
-1.147600000000e+000, 1.14203e+001
-1.145500000000e+000, 1.10182e+001
-1.143400000000e+000, 1.14203e+001
-1.141300000000e+000, 1.14203e+001
-1.139200000000e+000, 1.10182e+001
-1.137100000000e+000, 1.10182e+001
-1.135000000000e+000, 1.10182e+001
-1.132900000000e+000, 1.10182e+001
-1.130800000000e+000, 1.10182e+001
-1.128700000000e+000, 1.10182e+001
-1.126600000000e+000, 1.10182e+001
-1.124500000000e+000, 1.10182e+001
-1.122400000000e+000, 1.10182e+001
-1.120300000000e+000, 1.10182e+001
-1.118200000000e+000, 1.10182e+001
-1.116100000000e+000, 1.10182e+001
-1.114000000000e+000, 1.10182e+001
-1.111900000000e+000, 1.10182e+001
-1.109800000000e+000, 1.06162e+001
-1.107700000000e+000, 1.06162e+001
-1.105600000000e+000, 1.10182e+001
-1.103500000000e+000, 1.06162e+001
-1.101400000000e+000, 1.06162e+001
-1.099300000000e+000, 1.06162e+001
-1.097200000000e+000, 1.06162e+001
-1.095100000000e+000, 1.06162e+001
-1.093000000000e+000, 1.06162e+001
-1.090900000000e+000, 1.02142e+001
-1.088800000000e+000, 1.06162e+001
-1.086700000000e+000, 1.06162e+001
-1.084600000000e+000, 1.06162e+001
-1.082500000000e+000, 1.02142e+001
-1.080400000000e+000, 1.02142e+001
-1.078300000000e+000, 1.02142e+001
-1.076200000000e+000, 1.02142e+001
-1.074100000000e+000, 1.02142e+001
-1.072000000000e+000, 1.02142e+001
-1.069900000000e+000, 9.81221e+000
-1.067800000000e+000, 1.02142e+001
-1.065700000000e+000, 1.02142e+001
-1.063600000000e+000, 1.02142e+001
-1.061500000000e+000, 1.02142e+001
-1.059400000000e+000, 1.02142e+001
-1.057300000000e+000, 1.02142e+001
-1.055200000000e+000, 9.81221e+000
-1.053100000000e+000, 9.81221e+000
-1.051000000000e+000, 9.81221e+000
-1.048900000000e+000, 9.81221e+000
-1.046800000000e+000, 9.81221e+000
-1.044700000000e+000, 9.81221e+000
-1.042600000000e+000, 9.81221e+000
-1.040500000000e+000, 9.81221e+000
-1.038400000000e+000, 9.81221e+000
-1.036300000000e+000, 9.81221e+000
-1.034200000000e+000, 9.81221e+000
-1.032100000000e+000, 9.81221e+000
-1.030000000000e+000, 9.81221e+000
-1.027900000000e+000, 9.81221e+000
-1.025800000000e+000, 9.81221e+000
-1.023700000000e+000, 9.81221e+000
-1.021600000000e+000, 9.41020e+000
-1.019500000000e+000, 9.41020e+000
-1.017400000000e+000, 9.41020e+000
-1.015300000000e+000, 9.41020e+000
-1.013200000000e+000, 9.41020e+000
-1.011100000000e+000, 9.41020e+000
-1.009000000000e+000, 9.41020e+000
-1.006900000000e+000, 9.41020e+000
-1.004800000000e+000, 9.41020e+000
-1.002700000000e+000, 9.41020e+000
-1.000600000000e+000, 9.41020e+000
-9.985000000000e-001, 9.41020e+000
-9.964000000000e-001, 9.41020e+000
-9.943000000000e-001, 9.00819e+000
-9.922000000000e-001, 9.41020e+000
-9.901000000000e-001, 9.00819e+000
-9.880000000000e-001, 9.41020e+000
-9.859000000000e-001, 9.00819e+000
-9.838000000000e-001, 9.00819e+000
-9.817000000000e-001, 9.00819e+000
-9.796000000000e-001, 9.00819e+000
-9.775000000000e-001, 9.00819e+000
-9.754000000000e-001, 9.00819e+000
-9.733000000000e-001, 9.00819e+000
-9.712000000000e-001, 9.00819e+000
-9.691000000000e-001, 9.00819e+000
-9.670000000000e-001, 9.00819e+000
-9.649000000000e-001, 9.00819e+000
-9.628000000000e-001, 9.00819e+000
-9.607000000000e-001, 9.00819e+000
-9.586000000000e-001, 9.00819e+000
-9.565000000000e-001, 8.60618e+000
-9.544000000000e-001, 8.60618e+000
-9.523000000000e-001, 8.60618e+000
-9.502000000000e-001, 8.60618e+000
-9.481000000000e-001, 8.60618e+000
-9.460000000000e-001, 8.60618e+000
-9.439000000000e-001, 8.60618e+000
-9.418000000000e-001, 8.60618e+000
-9.397000000000e-001, 8.60618e+000
-9.376000000000e-001, 8.60618e+000
-9.355000000000e-001, 8.60618e+000
-9.334000000000e-001, 8.60618e+000
-9.313000000000e-001, 8.60618e+000
-9.292000000000e-001, 8.60618e+000
-9.271000000000e-001, 8.60618e+000
-9.250000000000e-001, 8.20417e+000
-9.229000000000e-001, 8.60618e+000
-9.208000000000e-001, 8.20417e+000
-9.187000000000e-001, 8.20417e+000
-9.166000000000e-001, 8.60618e+000
-9.145000000000e-001, 8.20417e+000
-9.124000000000e-001, 8.20417e+000
-9.103000000000e-001, 8.20417e+000
-9.082000000000e-001, 8.20417e+000
-9.061000000000e-001, 8.20417e+000
-9.040000000000e-001, 8.20417e+000
-9.019000000000e-001, 8.20417e+000
-8.998000000000e-001, 8.20417e+000
-8.977000000000e-001, 8.20417e+000
-8.956000000000e-001, 8.20417e+000
-8.935000000000e-001, 7.80216e+000
-8.914000000000e-001, 7.80216e+000
-8.893000000000e-001, 8.20417e+000
-8.872000000000e-001, 7.80216e+000
-8.851000000000e-001, 8.20417e+000
-8.830000000000e-001, 8.20417e+000
-8.809000000000e-001, 7.80216e+000
-8.788000000000e-001, 7.80216e+000
-8.767000000000e-001, 7.80216e+000
-8.746000000000e-001, 7.80216e+000
-8.725000000000e-001, 7.80216e+000
-8.704000000000e-001, 7.80216e+000
-8.683000000000e-001, 7.80216e+000
-8.662000000000e-001, 7.80216e+000
-8.641000000000e-001, 7.80216e+000
-8.620000000000e-001, 7.80216e+000
-8.599000000000e-001, 7.80216e+000
-8.578000000000e-001, 7.80216e+000
-8.557000000000e-001, 7.80216e+000
-8.536000000000e-001, 7.80216e+000
-8.515000000000e-001, 7.40015e+000
-8.494000000000e-001, 7.80216e+000
-8.473000000000e-001, 7.80216e+000
-8.452000000000e-001, 7.80216e+000
-8.431000000000e-001, 7.80216e+000
-8.410000000000e-001, 7.40015e+000
-8.389000000000e-001, 7.40015e+000
-8.368000000000e-001, 7.40015e+000
-8.347000000000e-001, 7.40015e+000
-8.326000000000e-001, 7.40015e+000
-8.305000000000e-001, 7.40015e+000
-8.284000000000e-001, 7.40015e+000
-8.263000000000e-001, 7.40015e+000
-8.242000000000e-001, 7.40015e+000
-8.221000000000e-001, 7.40015e+000
-8.200000000000e-001, 7.40015e+000
-8.179000000000e-001, 7.40015e+000
-8.158000000000e-001, 7.40015e+000
-8.137000000000e-001, 7.40015e+000
-8.116000000000e-001, 7.40015e+000
-8.095000000000e-001, 7.40015e+000
-8.074000000000e-001, 7.40015e+000
-8.053000000000e-001, 6.99814e+000
-8.032000000000e-001, 6.99814e+000
-8.011000000000e-001, 6.99814e+000
-7.990000000000e-001, 7.40015e+000
-7.969000000000e-001, 6.99814e+000
-7.948000000000e-001, 6.99814e+000
-7.927000000000e-001, 6.99814e+000
-7.906000000000e-001, 6.99814e+000
-7.885000000000e-001, 6.99814e+000
-7.864000000000e-001, 7.40015e+000
-7.843000000000e-001, 6.99814e+000
-7.822000000000e-001, 6.99814e+000
-7.801000000000e-001, 6.99814e+000
-7.780000000000e-001, 6.99814e+000
-7.759000000000e-001, 6.59613e+000
-7.738000000000e-001, 6.99814e+000
-7.717000000000e-001, 6.59613e+000
-7.696000000000e-001, 6.99814e+000
-7.675000000000e-001, 6.99814e+000
-7.654000000000e-001, 6.99814e+000
-7.633000000000e-001, 6.99814e+000
-7.612000000000e-001, 6.59613e+000
-7.591000000000e-001, 6.59613e+000
-7.570000000000e-001, 6.99814e+000
-7.549000000000e-001, 6.99814e+000
-7.528000000000e-001, 6.59613e+000
-7.507000000000e-001, 6.59613e+000
-7.486000000000e-001, 6.59613e+000
-7.465000000000e-001, 6.59613e+000
-7.444000000000e-001, 6.59613e+000
-7.423000000000e-001, 6.59613e+000
-7.402000000000e-001, 6.59613e+000
-7.381000000000e-001, 6.59613e+000
-7.360000000000e-001, 6.59613e+000
-7.339000000000e-001, 6.59613e+000
-7.318000000000e-001, 6.59613e+000
-7.297000000000e-001, 6.59613e+000
-7.276000000000e-001, 6.59613e+000
-7.255000000000e-001, 6.59613e+000
-7.234000000000e-001, 6.59613e+000
-7.213000000000e-001, 6.19412e+000
-7.192000000000e-001, 6.59613e+000
-7.171000000000e-001, 6.59613e+000
-7.150000000000e-001, 6.19412e+000
-7.129000000000e-001, 6.59613e+000
-7.108000000000e-001, 6.19412e+000
-7.087000000000e-001, 6.19412e+000
-7.066000000000e-001, 6.19412e+000
-7.045000000000e-001, 6.19412e+000
-7.024000000000e-001, 6.19412e+000
-7.003000000000e-001, 6.19412e+000
-6.982000000000e-001, 6.19412e+000
-6.961000000000e-001, 6.19412e+000
-6.940000000000e-001, 6.19412e+000
-6.919000000000e-001, 6.19412e+000
-6.898000000000e-001, 6.19412e+000
-6.877000000000e-001, 6.19412e+000
-6.856000000000e-001, 6.19412e+000
-6.835000000000e-001, 6.19412e+000
-6.814000000000e-001, 6.19412e+000
-6.793000000000e-001, 6.19412e+000
-6.772000000000e-001, 6.19412e+000
-6.751000000000e-001, 6.19412e+000
-6.730000000000e-001, 6.19412e+000
-6.709000000000e-001, 6.19412e+000
-6.688000000000e-001, 6.19412e+000
-6.667000000000e-001, 6.19412e+000
-6.646000000000e-001, 6.19412e+000
-6.625000000000e-001, 6.19412e+000
-6.604000000000e-001, 5.79211e+000
-6.583000000000e-001, 5.79211e+000
-6.562000000000e-001, 5.79211e+000
-6.541000000000e-001, 5.79211e+000
-6.520000000000e-001, 5.79211e+000
-6.499000000000e-001, 5.79211e+000
-6.478000000000e-001, 5.79211e+000
-6.457000000000e-001, 5.79211e+000
-6.436000000000e-001, 5.79211e+000
-6.415000000000e-001, 5.79211e+000
-6.394000000000e-001, 5.79211e+000
-6.373000000000e-001, 5.79211e+000
-6.352000000000e-001, 5.39010e+000
-6.331000000000e-001, 5.79211e+000
-6.310000000000e-001, 5.79211e+000
-6.289000000000e-001, 5.79211e+000
-6.268000000000e-001, 5.79211e+000
-6.247000000000e-001, 5.79211e+000
-6.226000000000e-001, 5.39010e+000
-6.205000000000e-001, 5.39010e+000
-6.184000000000e-001, 5.79211e+000
-6.163000000000e-001, 5.39010e+000
-6.142000000000e-001, 5.39010e+000
-6.121000000000e-001, 5.79211e+000
-6.100000000000e-001, 5.39010e+000
-6.079000000000e-001, 5.79211e+000
-6.058000000000e-001, 5.39010e+000
-6.037000000000e-001, 5.79211e+000
-6.016000000000e-001, 5.39010e+000
-5.995000000000e-001, 5.39010e+000
-5.974000000000e-001, 5.39010e+000
-5.953000000000e-001, 5.39010e+000
-5.932000000000e-001, 5.39010e+000
-5.911000000000e-001, 5.39010e+000
-5.890000000000e-001, 5.39010e+000
-5.869000000000e-001, 5.39010e+000
-5.848000000000e-001, 5.39010e+000
-5.827000000000e-001, 5.39010e+000
-5.806000000000e-001, 5.39010e+000
-5.785000000000e-001, 5.39010e+000
-5.764000000000e-001, 5.39010e+000
-5.743000000000e-001, 5.39010e+000
-5.722000000000e-001, 5.39010e+000
-5.701000000000e-001, 5.39010e+000
-5.680000000000e-001, 5.39010e+000
-5.659000000000e-001, 4.98809e+000
-5.638000000000e-001, 4.98809e+000
-5.617000000000e-001, 5.39010e+000
-5.596000000000e-001, 4.98809e+000
-5.575000000000e-001, 4.98809e+000
-5.554000000000e-001, 4.98809e+000
-5.533000000000e-001, 4.98809e+000
-5.512000000000e-001, 4.98809e+000
-5.491000000000e-001, 4.98809e+000
-5.470000000000e-001, 4.98809e+000
-5.449000000000e-001, 4.98809e+000
-5.428000000000e-001, 5.39010e+000
-5.407000000000e-001, 4.98809e+000
-5.386000000000e-001, 4.98809e+000
-5.365000000000e-001, 4.98809e+000
-5.344000000000e-001, 4.98809e+000
-5.323000000000e-001, 4.98809e+000
-5.302000000000e-001, 4.98809e+000
-5.281000000000e-001, 4.98809e+000
-5.260000000000e-001, 4.98809e+000
-5.239000000000e-001, 4.98809e+000
-5.218000000000e-001, 4.98809e+000
-5.197000000000e-001, 4.98809e+000
-5.176000000000e-001, 4.98809e+000
-5.155000000000e-001, 4.98809e+000
-5.134000000000e-001, 4.98809e+000
-5.113000000000e-001, 4.98809e+000
-5.092000000000e-001, 5.39010e+000
-5.071000000000e-001, 5.39010e+000
-5.050000000000e-001, 5.39010e+000
-5.029000000000e-001, 5.79211e+000
-5.008000000000e-001, 5.79211e+000
-4.987000000000e-001, 5.79211e+000
-4.966000000000e-001, 6.19412e+000
-4.945000000000e-001, 6.19412e+000
-4.924000000000e-001, 6.59613e+000
-4.903000000000e-001, 6.59613e+000
-4.882000000000e-001, 6.59613e+000
-4.861000000000e-001, 6.99814e+000
-4.840000000000e-001, 6.99814e+000
-4.819000000000e-001, 6.99814e+000
-4.798000000000e-001, 7.40015e+000
-4.777000000000e-001, 7.80216e+000
-4.756000000000e-001, 7.80216e+000
-4.735000000000e-001, 8.20417e+000
-4.714000000000e-001, 8.60618e+000
-4.693000000000e-001, 8.60618e+000
-4.672000000000e-001, 8.20417e+000
-4.651000000000e-001, 8.60618e+000
-4.630000000000e-001, 9.00819e+000
-4.609000000000e-001, 9.00819e+000
-4.588000000000e-001, 9.00819e+000
-4.567000000000e-001, 9.41020e+000
-4.546000000000e-001, 9.81221e+000
-4.525000000000e-001, 9.81221e+000
-4.504000000000e-001, 9.81221e+000
-4.483000000000e-001, 1.02142e+001
-4.462000000000e-001, 1.02142e+001
-4.441000000000e-001, 1.02142e+001
-4.420000000000e-001, 1.06162e+001
-4.399000000000e-001, 1.06162e+001
-4.378000000000e-001, 1.10182e+001
-4.357000000000e-001, 1.10182e+001
-4.336000000000e-001, 1.10182e+001
-4.315000000000e-001, 1.14203e+001
-4.294000000000e-001, 1.14203e+001
-4.273000000000e-001, 1.14203e+001
-4.252000000000e-001, 1.14203e+001
-4.231000000000e-001, 1.18223e+001
-4.210000000000e-001, 1.18223e+001
-4.189000000000e-001, 1.18223e+001
-4.168000000000e-001, 1.18223e+001
-4.147000000000e-001, 1.22243e+001
-4.126000000000e-001, 1.22243e+001
-4.105000000000e-001, 1.22243e+001
-4.084000000000e-001, 1.26263e+001
-4.063000000000e-001, 1.26263e+001
-4.042000000000e-001, 1.26263e+001
-4.021000000000e-001, 1.26263e+001
-4.000000000000e-001, 1.30283e+001
-3.979000000000e-001, 1.30283e+001
-3.958000000000e-001, 1.30283e+001
-3.937000000000e-001, 1.30283e+001
-3.916000000000e-001, 1.30283e+001
-3.895000000000e-001, 1.34303e+001
-3.874000000000e-001, 1.34303e+001
-3.853000000000e-001, 1.34303e+001
-3.832000000000e-001, 1.34303e+001
-3.811000000000e-001, 1.34303e+001
-3.790000000000e-001, 1.38323e+001
-3.769000000000e-001, 1.34303e+001
-3.748000000000e-001, 1.38323e+001
-3.727000000000e-001, 1.38323e+001
-3.706000000000e-001, 1.38323e+001
-3.685000000000e-001, 1.38323e+001
-3.664000000000e-001, 1.38323e+001
-3.643000000000e-001, 1.38323e+001
-3.622000000000e-001, 1.38323e+001
-3.601000000000e-001, 1.38323e+001
-3.580000000000e-001, 1.38323e+001
-3.559000000000e-001, 1.38323e+001
-3.538000000000e-001, 1.38323e+001
-3.517000000000e-001, 1.42343e+001
-3.496000000000e-001, 1.42343e+001
-3.475000000000e-001, 1.42343e+001
-3.454000000000e-001, 1.42343e+001
-3.433000000000e-001, 1.42343e+001
-3.412000000000e-001, 1.42343e+001
-3.391000000000e-001, 1.42343e+001
-3.370000000000e-001, 1.42343e+001
-3.349000000000e-001, 1.42343e+001
-3.328000000000e-001, 1.42343e+001
-3.307000000000e-001, 1.42343e+001
-3.286000000000e-001, 1.42343e+001
-3.265000000000e-001, 1.42343e+001
-3.244000000000e-001, 1.42343e+001
-3.223000000000e-001, 1.42343e+001
-3.202000000000e-001, 1.42343e+001
-3.181000000000e-001, 1.42343e+001
-3.160000000000e-001, 1.42343e+001
-3.139000000000e-001, 1.38323e+001
-3.118000000000e-001, 1.38323e+001
-3.097000000000e-001, 1.42343e+001
-3.076000000000e-001, 1.38323e+001
-3.055000000000e-001, 1.38323e+001
-3.034000000000e-001, 1.42343e+001
-3.013000000000e-001, 1.38323e+001
-2.992000000000e-001, 1.38323e+001
-2.971000000000e-001, 1.38323e+001
-2.950000000000e-001, 1.38323e+001
-2.929000000000e-001, 1.38323e+001
-2.908000000000e-001, 1.38323e+001
-2.887000000000e-001, 1.38323e+001
-2.866000000000e-001, 1.38323e+001
-2.845000000000e-001, 1.38323e+001
-2.824000000000e-001, 1.34303e+001
-2.803000000000e-001, 1.34303e+001
-2.782000000000e-001, 1.34303e+001
-2.761000000000e-001, 1.34303e+001
-2.740000000000e-001, 1.34303e+001
-2.719000000000e-001, 1.34303e+001
-2.698000000000e-001, 1.34303e+001
-2.677000000000e-001, 1.34303e+001
-2.656000000000e-001, 1.34303e+001
-2.635000000000e-001, 1.30283e+001
-2.614000000000e-001, 1.34303e+001
-2.593000000000e-001, 1.30283e+001
-2.572000000000e-001, 1.34303e+001
-2.551000000000e-001, 1.30283e+001
-2.530000000000e-001, 1.30283e+001
-2.509000000000e-001, 1.30283e+001
-2.488000000000e-001, 1.30283e+001
-2.467000000000e-001, 1.30283e+001
-2.446000000000e-001, 1.30283e+001
-2.425000000000e-001, 1.30283e+001
-2.404000000000e-001, 1.30283e+001
-2.383000000000e-001, 1.26263e+001
-2.362000000000e-001, 1.26263e+001
-2.341000000000e-001, 1.30283e+001
-2.320000000000e-001, 1.26263e+001
-2.299000000000e-001, 1.26263e+001
-2.278000000000e-001, 1.26263e+001
-2.257000000000e-001, 1.26263e+001
-2.236000000000e-001, 1.26263e+001
-2.215000000000e-001, 1.26263e+001
-2.194000000000e-001, 1.26263e+001
-2.173000000000e-001, 1.26263e+001
-2.152000000000e-001, 1.26263e+001
-2.131000000000e-001, 1.26263e+001
-2.110000000000e-001, 1.22243e+001
-2.089000000000e-001, 1.26263e+001
-2.068000000000e-001, 1.22243e+001
-2.047000000000e-001, 1.22243e+001
-2.026000000000e-001, 1.22243e+001
-2.005000000000e-001, 1.22243e+001
-1.984000000000e-001, 1.22243e+001
-1.963000000000e-001, 1.22243e+001
-1.942000000000e-001, 1.22243e+001
-1.921000000000e-001, 1.22243e+001
-1.900000000000e-001, 1.22243e+001
-1.879000000000e-001, 1.18223e+001
-1.858000000000e-001, 1.22243e+001
-1.837000000000e-001, 1.18223e+001
-1.816000000000e-001, 1.18223e+001
-1.795000000000e-001, 1.18223e+001
-1.774000000000e-001, 1.18223e+001
-1.753000000000e-001, 1.18223e+001
-1.732000000000e-001, 1.18223e+001
-1.711000000000e-001, 1.18223e+001
-1.690000000000e-001, 1.14203e+001
-1.669000000000e-001, 1.18223e+001
-1.648000000000e-001, 1.14203e+001
-1.627000000000e-001, 1.14203e+001
-1.606000000000e-001, 1.14203e+001
-1.585000000000e-001, 1.14203e+001
-1.564000000000e-001, 1.14203e+001
-1.543000000000e-001, 1.14203e+001
-1.522000000000e-001, 1.14203e+001
-1.501000000000e-001, 1.14203e+001
-1.480000000000e-001, 1.14203e+001
-1.459000000000e-001, 1.14203e+001
-1.438000000000e-001, 1.14203e+001
-1.417000000000e-001, 1.10182e+001
-1.396000000000e-001, 1.10182e+001
-1.375000000000e-001, 1.14203e+001
-1.354000000000e-001, 1.14203e+001
-1.333000000000e-001, 1.14203e+001
-1.312000000000e-001, 1.10182e+001
-1.291000000000e-001, 1.10182e+001
-1.270000000000e-001, 1.10182e+001
-1.249000000000e-001, 1.10182e+001
-1.228000000000e-001, 1.10182e+001
-1.207000000000e-001, 1.10182e+001
-1.186000000000e-001, 1.10182e+001
-1.165000000000e-001, 1.10182e+001
-1.144000000000e-001, 1.06162e+001
-1.123000000000e-001, 1.10182e+001
-1.102000000000e-001, 1.06162e+001
-1.081000000000e-001, 1.10182e+001
-1.060000000000e-001, 1.06162e+001
-1.039000000000e-001, 1.06162e+001
-1.018000000000e-001, 1.06162e+001
-9.970000000000e-002, 1.06162e+001
-9.760000000000e-002, 1.06162e+001
-9.550000000000e-002, 1.06162e+001
-9.340000000000e-002, 1.06162e+001
-9.130000000000e-002, 1.06162e+001
-8.920000000000e-002, 1.06162e+001
-8.710000000000e-002, 1.06162e+001
-8.500000000000e-002, 1.02142e+001
-8.290000000000e-002, 1.06162e+001
-8.080000000000e-002, 1.02142e+001
-7.870000000000e-002, 1.02142e+001
-7.660000000000e-002, 1.06162e+001
-7.450000000000e-002, 1.02142e+001
-7.240000000000e-002, 1.02142e+001
-7.030000000000e-002, 1.02142e+001
-6.820000000000e-002, 1.02142e+001
-6.610000000000e-002, 1.02142e+001
-6.400000000000e-002, 9.81221e+000
-6.190000000000e-002, 1.02142e+001
-5.980000000000e-002, 1.02142e+001
-5.770000000000e-002, 9.81221e+000
-5.560000000000e-002, 9.81221e+000
-5.350000000000e-002, 1.02142e+001
-5.140000000000e-002, 9.81221e+000
-4.930000000000e-002, 9.81221e+000
-4.720000000000e-002, 9.81221e+000
-4.510000000000e-002, 9.81221e+000
-4.300000000000e-002, 9.81221e+000
-4.090000000000e-002, 9.81221e+000
-3.880000000000e-002, 9.81221e+000
-3.670000000000e-002, 9.81221e+000
-3.460000000000e-002, 9.81221e+000
-3.250000000000e-002, 9.81221e+000
-3.040000000000e-002, 9.81221e+000
-2.830000000000e-002, 9.41020e+000
-2.620000000000e-002, 9.81221e+000
-2.410000000000e-002, 9.81221e+000
-2.200000000000e-002, 9.81221e+000
-1.990000000000e-002, 9.41020e+000
-1.780000000000e-002, 9.81221e+000
-1.570000000000e-002, 9.41020e+000
-1.360000000000e-002, 9.41020e+000
-1.150000000000e-002, 9.41020e+000
-9.400000000000e-003, 9.41020e+000
-7.300000000000e-003, 9.41020e+000
-5.200000000000e-003, 9.41020e+000
-3.100000000000e-003, 9.41020e+000
-1.000000000000e-003, 9.41020e+000
1.100000000000e-003, 9.41020e+000
3.200000000000e-003, 9.41020e+000
5.300000000000e-003, 9.41020e+000
7.400000000000e-003, 9.41020e+000
9.500000000000e-003, 9.00819e+000
1.160000000000e-002, 9.00819e+000
1.370000000000e-002, 9.00819e+000
1.580000000000e-002, 9.00819e+000
1.790000000000e-002, 9.00819e+000
2.000000000000e-002, 9.00819e+000
2.210000000000e-002, 9.00819e+000
2.420000000000e-002, 9.00819e+000
2.630000000000e-002, 9.00819e+000
2.840000000000e-002, 9.00819e+000
3.050000000000e-002, 9.00819e+000
3.260000000000e-002, 9.00819e+000
3.470000000000e-002, 9.00819e+000
3.680000000000e-002, 9.00819e+000
3.890000000000e-002, 9.00819e+000
4.100000000000e-002, 9.00819e+000
4.310000000000e-002, 9.00819e+000
4.520000000000e-002, 8.60618e+000
4.730000000000e-002, 8.60618e+000
4.940000000000e-002, 8.60618e+000
5.150000000000e-002, 8.60618e+000
5.360000000000e-002, 8.60618e+000
5.570000000000e-002, 8.60618e+000
5.780000000000e-002, 8.60618e+000
5.990000000000e-002, 8.60618e+000
6.200000000000e-002, 8.60618e+000
6.410000000000e-002, 8.60618e+000
6.620000000000e-002, 8.60618e+000
6.830000000000e-002, 8.60618e+000
7.040000000000e-002, 8.60618e+000
7.250000000000e-002, 8.20417e+000
7.460000000000e-002, 8.60618e+000
7.670000000000e-002, 8.60618e+000
7.880000000000e-002, 8.20417e+000
8.090000000000e-002, 8.20417e+000
8.300000000000e-002, 8.60618e+000
8.510000000000e-002, 8.20417e+000
8.720000000000e-002, 8.20417e+000
8.930000000000e-002, 8.20417e+000
9.140000000000e-002, 8.20417e+000
9.350000000000e-002, 8.20417e+000
9.560000000000e-002, 8.20417e+000
9.770000000000e-002, 8.20417e+000
9.980000000000e-002, 8.20417e+000
1.019000000000e-001, 8.20417e+000
1.040000000000e-001, 8.20417e+000
1.061000000000e-001, 8.20417e+000
1.082000000000e-001, 7.80216e+000
1.103000000000e-001, 8.20417e+000
1.124000000000e-001, 8.20417e+000
1.145000000000e-001, 8.20417e+000
1.166000000000e-001, 7.80216e+000
1.187000000000e-001, 8.20417e+000
1.208000000000e-001, 7.80216e+000
1.229000000000e-001, 7.80216e+000
1.250000000000e-001, 7.80216e+000
1.271000000000e-001, 7.80216e+000
1.292000000000e-001, 7.80216e+000
1.313000000000e-001, 7.80216e+000
1.334000000000e-001, 7.80216e+000
1.355000000000e-001, 7.80216e+000
1.376000000000e-001, 7.80216e+000
1.397000000000e-001, 7.80216e+000
1.418000000000e-001, 7.80216e+000
1.439000000000e-001, 7.80216e+000
1.460000000000e-001, 7.80216e+000
1.481000000000e-001, 7.80216e+000
1.502000000000e-001, 7.40015e+000
1.523000000000e-001, 7.80216e+000
1.544000000000e-001, 7.40015e+000
1.565000000000e-001, 7.40015e+000
1.586000000000e-001, 7.40015e+000
1.607000000000e-001, 7.40015e+000
1.628000000000e-001, 7.40015e+000
1.649000000000e-001, 7.40015e+000
1.670000000000e-001, 7.40015e+000
1.691000000000e-001, 7.40015e+000
1.712000000000e-001, 7.40015e+000
1.733000000000e-001, 7.40015e+000
1.754000000000e-001, 7.40015e+000
1.775000000000e-001, 7.40015e+000
1.796000000000e-001, 7.40015e+000
1.817000000000e-001, 7.40015e+000
1.838000000000e-001, 7.40015e+000
1.859000000000e-001, 7.40015e+000
1.880000000000e-001, 7.40015e+000
1.901000000000e-001, 7.40015e+000
1.922000000000e-001, 7.40015e+000
1.943000000000e-001, 6.99814e+000
1.964000000000e-001, 7.40015e+000
1.985000000000e-001, 6.99814e+000
2.006000000000e-001, 6.99814e+000
2.027000000000e-001, 6.99814e+000
2.048000000000e-001, 6.99814e+000
2.069000000000e-001, 6.99814e+000
2.090000000000e-001, 7.40015e+000
2.111000000000e-001, 6.99814e+000
2.132000000000e-001, 6.99814e+000
2.153000000000e-001, 6.99814e+000
2.174000000000e-001, 6.99814e+000
2.195000000000e-001, 6.99814e+000
2.216000000000e-001, 6.99814e+000
2.237000000000e-001, 6.99814e+000
2.258000000000e-001, 6.99814e+000
2.279000000000e-001, 6.99814e+000
2.300000000000e-001, 6.99814e+000
2.321000000000e-001, 6.99814e+000
2.342000000000e-001, 6.99814e+000
2.363000000000e-001, 6.99814e+000
2.384000000000e-001, 6.99814e+000
2.405000000000e-001, 6.59613e+000
2.426000000000e-001, 6.59613e+000
2.447000000000e-001, 6.99814e+000
2.468000000000e-001, 6.59613e+000
2.489000000000e-001, 6.59613e+000
2.510000000000e-001, 6.59613e+000
2.531000000000e-001, 6.59613e+000
2.552000000000e-001, 6.99814e+000
2.573000000000e-001, 6.59613e+000
2.594000000000e-001, 6.59613e+000
2.615000000000e-001, 6.59613e+000
2.636000000000e-001, 6.59613e+000
2.657000000000e-001, 6.59613e+000
2.678000000000e-001, 6.59613e+000
2.699000000000e-001, 6.19412e+000
2.720000000000e-001, 6.19412e+000
2.741000000000e-001, 6.59613e+000
2.762000000000e-001, 6.59613e+000
2.783000000000e-001, 6.59613e+000
2.804000000000e-001, 6.59613e+000
2.825000000000e-001, 6.59613e+000
2.846000000000e-001, 6.19412e+000
2.867000000000e-001, 6.19412e+000
2.888000000000e-001, 6.59613e+000
2.909000000000e-001, 6.19412e+000
2.930000000000e-001, 6.19412e+000
2.951000000000e-001, 6.19412e+000
2.972000000000e-001, 6.19412e+000
2.993000000000e-001, 6.19412e+000
3.014000000000e-001, 6.19412e+000
3.035000000000e-001, 6.19412e+000
3.056000000000e-001, 6.19412e+000
3.077000000000e-001, 6.19412e+000
3.098000000000e-001, 6.19412e+000
3.119000000000e-001, 6.19412e+000
3.140000000000e-001, 6.19412e+000
3.161000000000e-001, 6.19412e+000
3.182000000000e-001, 5.79211e+000
3.203000000000e-001, 6.19412e+000
3.224000000000e-001, 6.19412e+000
3.245000000000e-001, 5.79211e+000
3.266000000000e-001, 6.19412e+000
3.287000000000e-001, 5.79211e+000
3.308000000000e-001, 6.19412e+000
3.329000000000e-001, 5.79211e+000
3.350000000000e-001, 5.79211e+000
3.371000000000e-001, 6.19412e+000
3.392000000000e-001, 6.19412e+000
3.413000000000e-001, 5.79211e+000
3.434000000000e-001, 6.19412e+000
3.455000000000e-001, 5.79211e+000
3.476000000000e-001, 5.79211e+000
3.497000000000e-001, 5.79211e+000
3.518000000000e-001, 6.19412e+000
3.539000000000e-001, 5.79211e+000
3.560000000000e-001, 5.79211e+000
3.581000000000e-001, 5.79211e+000
3.602000000000e-001, 6.19412e+000
3.623000000000e-001, 5.79211e+000
3.644000000000e-001, 5.79211e+000
3.665000000000e-001, 5.79211e+000
3.686000000000e-001, 5.39010e+000
3.707000000000e-001, 5.39010e+000
3.728000000000e-001, 5.79211e+000
3.749000000000e-001, 5.79211e+000
3.770000000000e-001, 5.39010e+000
3.791000000000e-001, 5.79211e+000
3.812000000000e-001, 5.79211e+000
3.833000000000e-001, 5.39010e+000
3.854000000000e-001, 5.39010e+000
3.875000000000e-001, 5.39010e+000
3.896000000000e-001, 5.39010e+000
3.917000000000e-001, 5.39010e+000
3.938000000000e-001, 5.39010e+000
3.959000000000e-001, 5.39010e+000
3.980000000000e-001, 5.39010e+000
4.001000000000e-001, 5.39010e+000
4.022000000000e-001, 5.39010e+000
4.043000000000e-001, 5.39010e+000
4.064000000000e-001, 5.39010e+000
4.085000000000e-001, 5.39010e+000
4.106000000000e-001, 5.39010e+000
4.127000000000e-001, 5.39010e+000
4.148000000000e-001, 5.39010e+000
4.169000000000e-001, 5.39010e+000
4.190000000000e-001, 5.39010e+000
4.211000000000e-001, 5.39010e+000
4.232000000000e-001, 5.39010e+000
4.253000000000e-001, 4.98809e+000
4.274000000000e-001, 5.39010e+000
4.295000000000e-001, 5.39010e+000
4.316000000000e-001, 4.98809e+000
4.337000000000e-001, 4.98809e+000
4.358000000000e-001, 5.39010e+000
4.379000000000e-001, 5.39010e+000
4.400000000000e-001, 4.98809e+000
4.421000000000e-001, 4.98809e+000
4.442000000000e-001, 4.98809e+000
4.463000000000e-001, 5.39010e+000
4.484000000000e-001, 4.98809e+000
4.505000000000e-001, 4.98809e+000
4.526000000000e-001, 4.98809e+000
4.547000000000e-001, 4.98809e+000
4.568000000000e-001, 4.98809e+000
4.589000000000e-001, 4.98809e+000
4.610000000000e-001, 4.98809e+000
4.631000000000e-001, 4.98809e+000
4.652000000000e-001, 4.98809e+000
4.673000000000e-001, 4.98809e+000
4.694000000000e-001, 4.98809e+000
4.715000000000e-001, 4.98809e+000
4.736000000000e-001, 4.98809e+000
4.757000000000e-001, 4.98809e+000
4.778000000000e-001, 4.98809e+000
4.799000000000e-001, 4.98809e+000
4.820000000000e-001, 4.98809e+000
4.841000000000e-001, 4.98809e+000
4.862000000000e-001, 4.98809e+000
4.883000000000e-001, 4.98809e+000
4.904000000000e-001, 4.98809e+000
4.925000000000e-001, 5.39010e+000
4.946000000000e-001, 5.39010e+000
4.967000000000e-001, 5.79211e+000
4.988000000000e-001, 5.79211e+000
5.009000000000e-001, 6.19412e+000
5.030000000000e-001, 6.19412e+000
5.051000000000e-001, 6.19412e+000
5.072000000000e-001, 6.19412e+000
5.093000000000e-001, 6.59613e+000
5.114000000000e-001, 6.59613e+000
5.135000000000e-001, 6.99814e+000
5.156000000000e-001, 6.99814e+000
5.177000000000e-001, 6.99814e+000
5.198000000000e-001, 7.40015e+000
5.219000000000e-001, 7.80216e+000
5.240000000000e-001, 7.80216e+000
5.261000000000e-001, 7.80216e+000
5.282000000000e-001, 8.20417e+000
5.303000000000e-001, 8.20417e+000
5.324000000000e-001, 8.60618e+000
5.345000000000e-001, 8.60618e+000
5.366000000000e-001, 9.00819e+000
5.387000000000e-001, 9.41020e+000
5.408000000000e-001, 9.00819e+000
5.429000000000e-001, 9.41020e+000
5.450000000000e-001, 9.81221e+000
5.471000000000e-001, 9.41020e+000
5.492000000000e-001, 9.81221e+000
5.513000000000e-001, 9.81221e+000
5.534000000000e-001, 1.02142e+001
5.555000000000e-001, 1.02142e+001
5.576000000000e-001, 1.06162e+001
5.597000000000e-001, 1.06162e+001
5.618000000000e-001, 1.06162e+001
5.639000000000e-001, 1.10182e+001
5.660000000000e-001, 1.10182e+001
5.681000000000e-001, 1.14203e+001
5.702000000000e-001, 1.10182e+001
5.723000000000e-001, 1.14203e+001
5.744000000000e-001, 1.14203e+001
5.765000000000e-001, 1.18223e+001
5.786000000000e-001, 1.18223e+001
5.807000000000e-001, 1.18223e+001
5.828000000000e-001, 1.22243e+001
5.849000000000e-001, 1.22243e+001
5.870000000000e-001, 1.22243e+001
5.891000000000e-001, 1.26263e+001
5.912000000000e-001, 1.26263e+001
5.933000000000e-001, 1.26263e+001
5.954000000000e-001, 1.26263e+001
5.975000000000e-001, 1.26263e+001
5.996000000000e-001, 1.30283e+001
6.017000000000e-001, 1.30283e+001
6.038000000000e-001, 1.30283e+001
6.059000000000e-001, 1.34303e+001
6.080000000000e-001, 1.30283e+001
6.101000000000e-001, 1.34303e+001
6.122000000000e-001, 1.34303e+001
6.143000000000e-001, 1.34303e+001
6.164000000000e-001, 1.34303e+001
6.185000000000e-001, 1.34303e+001
6.206000000000e-001, 1.38323e+001
6.227000000000e-001, 1.38323e+001
6.248000000000e-001, 1.38323e+001
6.269000000000e-001, 1.38323e+001
6.290000000000e-001, 1.38323e+001
6.311000000000e-001, 1.38323e+001
6.332000000000e-001, 1.42343e+001
6.353000000000e-001, 1.38323e+001
6.374000000000e-001, 1.38323e+001
6.395000000000e-001, 1.42343e+001
6.416000000000e-001, 1.38323e+001
6.437000000000e-001, 1.42343e+001
6.458000000000e-001, 1.38323e+001
6.479000000000e-001, 1.42343e+001
6.500000000000e-001, 1.42343e+001
6.521000000000e-001, 1.42343e+001
6.542000000000e-001, 1.42343e+001
6.563000000000e-001, 1.42343e+001
6.584000000000e-001, 1.42343e+001
6.605000000000e-001, 1.42343e+001
6.626000000000e-001, 1.38323e+001
6.647000000000e-001, 1.42343e+001
6.668000000000e-001, 1.42343e+001
6.689000000000e-001, 1.42343e+001
6.710000000000e-001, 1.42343e+001
6.731000000000e-001, 1.42343e+001
6.752000000000e-001, 1.42343e+001
6.773000000000e-001, 1.42343e+001
6.794000000000e-001, 1.42343e+001
6.815000000000e-001, 1.42343e+001
6.836000000000e-001, 1.42343e+001
6.857000000000e-001, 1.42343e+001
6.878000000000e-001, 1.42343e+001
6.899000000000e-001, 1.42343e+001
6.920000000000e-001, 1.42343e+001
6.941000000000e-001, 1.38323e+001
6.962000000000e-001, 1.38323e+001
6.983000000000e-001, 1.38323e+001
7.004000000000e-001, 1.42343e+001
7.025000000000e-001, 1.42343e+001
7.046000000000e-001, 1.38323e+001
7.067000000000e-001, 1.38323e+001
7.088000000000e-001, 1.38323e+001
7.109000000000e-001, 1.38323e+001
7.130000000000e-001, 1.34303e+001
7.151000000000e-001, 1.38323e+001
7.172000000000e-001, 1.34303e+001
7.193000000000e-001, 1.34303e+001
7.214000000000e-001, 1.38323e+001
7.235000000000e-001, 1.38323e+001
7.256000000000e-001, 1.34303e+001
7.277000000000e-001, 1.34303e+001
7.298000000000e-001, 1.34303e+001
7.319000000000e-001, 1.34303e+001
7.340000000000e-001, 1.34303e+001
7.361000000000e-001, 1.34303e+001
7.382000000000e-001, 1.34303e+001
7.403000000000e-001, 1.34303e+001
7.424000000000e-001, 1.34303e+001
7.445000000000e-001, 1.30283e+001
7.466000000000e-001, 1.34303e+001
7.487000000000e-001, 1.30283e+001
7.508000000000e-001, 1.30283e+001
7.529000000000e-001, 1.30283e+001
7.550000000000e-001, 1.30283e+001
7.571000000000e-001, 1.30283e+001
7.592000000000e-001, 1.30283e+001
7.613000000000e-001, 1.26263e+001
7.634000000000e-001, 1.26263e+001
7.655000000000e-001, 1.26263e+001
7.676000000000e-001, 1.26263e+001
7.697000000000e-001, 1.30283e+001
7.718000000000e-001, 1.26263e+001
7.739000000000e-001, 1.26263e+001
7.760000000000e-001, 1.26263e+001
7.781000000000e-001, 1.26263e+001
7.802000000000e-001, 1.26263e+001
7.823000000000e-001, 1.26263e+001
7.844000000000e-001, 1.26263e+001
7.865000000000e-001, 1.22243e+001
7.886000000000e-001, 1.22243e+001
7.907000000000e-001, 1.22243e+001
7.928000000000e-001, 1.22243e+001
7.949000000000e-001, 1.22243e+001
7.970000000000e-001, 1.22243e+001
7.991000000000e-001, 1.22243e+001
8.012000000000e-001, 1.22243e+001
8.033000000000e-001, 1.22243e+001
8.054000000000e-001, 1.22243e+001
8.075000000000e-001, 1.22243e+001
8.096000000000e-001, 1.22243e+001
8.117000000000e-001, 1.22243e+001
8.138000000000e-001, 1.18223e+001
8.159000000000e-001, 1.18223e+001
8.180000000000e-001, 1.18223e+001
8.201000000000e-001, 1.18223e+001
8.222000000000e-001, 1.18223e+001
8.243000000000e-001, 1.18223e+001
8.264000000000e-001, 1.18223e+001
8.285000000000e-001, 1.18223e+001
8.306000000000e-001, 1.18223e+001
8.327000000000e-001, 1.18223e+001
8.348000000000e-001, 1.18223e+001
8.369000000000e-001, 1.14203e+001
8.390000000000e-001, 1.18223e+001
8.411000000000e-001, 1.18223e+001
8.432000000000e-001, 1.14203e+001
8.453000000000e-001, 1.14203e+001
8.474000000000e-001, 1.14203e+001
8.495000000000e-001, 1.14203e+001
8.516000000000e-001, 1.14203e+001
8.537000000000e-001, 1.14203e+001
8.558000000000e-001, 1.14203e+001
8.579000000000e-001, 1.14203e+001
8.600000000000e-001, 1.14203e+001
8.621000000000e-001, 1.10182e+001
8.642000000000e-001, 1.10182e+001
8.663000000000e-001, 1.10182e+001
8.684000000000e-001, 1.10182e+001
8.705000000000e-001, 1.10182e+001
8.726000000000e-001, 1.10182e+001
8.747000000000e-001, 1.10182e+001
8.768000000000e-001, 1.10182e+001
8.789000000000e-001, 1.10182e+001
8.810000000000e-001, 1.10182e+001
8.831000000000e-001, 1.10182e+001
8.852000000000e-001, 1.10182e+001
8.873000000000e-001, 1.06162e+001
8.894000000000e-001, 1.06162e+001
8.915000000000e-001, 1.10182e+001
8.936000000000e-001, 1.06162e+001
8.957000000000e-001, 1.06162e+001
8.978000000000e-001, 1.06162e+001
8.999000000000e-001, 1.06162e+001
9.020000000000e-001, 1.06162e+001
9.041000000000e-001, 1.06162e+001
9.062000000000e-001, 1.06162e+001
9.083000000000e-001, 1.06162e+001
9.104000000000e-001, 1.06162e+001
9.125000000000e-001, 1.06162e+001
9.146000000000e-001, 1.06162e+001
9.167000000000e-001, 1.02142e+001
9.188000000000e-001, 1.06162e+001
9.209000000000e-001, 1.02142e+001
9.230000000000e-001, 1.02142e+001
9.251000000000e-001, 1.02142e+001
9.272000000000e-001, 1.02142e+001
9.293000000000e-001, 1.02142e+001
9.314000000000e-001, 1.02142e+001
9.335000000000e-001, 1.02142e+001
9.356000000000e-001, 1.02142e+001
9.377000000000e-001, 1.02142e+001
9.398000000000e-001, 1.02142e+001
9.419000000000e-001, 1.02142e+001
9.440000000000e-001, 1.02142e+001
9.461000000000e-001, 1.02142e+001
9.482000000000e-001, 1.02142e+001
9.503000000000e-001, 9.81221e+000
9.524000000000e-001, 9.81221e+000
9.545000000000e-001, 9.81221e+000
9.566000000000e-001, 9.81221e+000
9.587000000000e-001, 9.81221e+000
9.608000000000e-001, 9.81221e+000
9.629000000000e-001, 9.81221e+000
9.650000000000e-001, 9.81221e+000
9.671000000000e-001, 9.81221e+000
9.692000000000e-001, 9.41020e+000
9.713000000000e-001, 9.81221e+000
9.734000000000e-001, 9.81221e+000
9.755000000000e-001, 9.41020e+000
9.776000000000e-001, 9.81221e+000
9.797000000000e-001, 9.81221e+000
9.818000000000e-001, 9.81221e+000
9.839000000000e-001, 9.41020e+000
9.860000000000e-001, 9.41020e+000
9.881000000000e-001, 9.41020e+000
9.902000000000e-001, 9.41020e+000
9.923000000000e-001, 9.41020e+000
9.944000000000e-001, 9.41020e+000
9.965000000000e-001, 9.41020e+000
9.986000000000e-001, 9.41020e+000
1.000700000000e+000, 9.41020e+000
1.002800000000e+000, 9.41020e+000
1.004900000000e+000, 9.41020e+000
1.007000000000e+000, 9.00819e+000
1.009100000000e+000, 9.41020e+000
1.011200000000e+000, 9.00819e+000
1.013300000000e+000, 9.00819e+000
1.015400000000e+000, 9.00819e+000
1.017500000000e+000, 9.41020e+000
1.019600000000e+000, 9.00819e+000
1.021700000000e+000, 9.00819e+000
1.023800000000e+000, 9.00819e+000
1.025900000000e+000, 9.00819e+000
1.028000000000e+000, 9.00819e+000
1.030100000000e+000, 9.00819e+000
1.032200000000e+000, 9.00819e+000
1.034300000000e+000, 9.00819e+000
1.036400000000e+000, 9.00819e+000
1.038500000000e+000, 8.60618e+000
1.040600000000e+000, 8.60618e+000
1.042700000000e+000, 9.00819e+000
1.044800000000e+000, 9.00819e+000
1.046900000000e+000, 8.60618e+000
1.049000000000e+000, 9.00819e+000
1.051100000000e+000, 9.00819e+000
1.053200000000e+000, 8.60618e+000
1.055300000000e+000, 9.00819e+000
1.057400000000e+000, 8.60618e+000
1.059500000000e+000, 8.60618e+000
1.061600000000e+000, 8.60618e+000
1.063700000000e+000, 8.60618e+000
1.065800000000e+000, 8.60618e+000
1.067900000000e+000, 8.60618e+000
1.070000000000e+000, 8.60618e+000
1.072100000000e+000, 8.20417e+000
1.074200000000e+000, 8.20417e+000
1.076300000000e+000, 8.20417e+000
1.078400000000e+000, 8.60618e+000
1.080500000000e+000, 8.60618e+000
1.082600000000e+000, 8.20417e+000
1.084700000000e+000, 8.20417e+000
1.086800000000e+000, 8.20417e+000
1.088900000000e+000, 8.20417e+000
1.091000000000e+000, 8.20417e+000
1.093100000000e+000, 8.20417e+000
1.095200000000e+000, 8.20417e+000
1.097300000000e+000, 8.20417e+000
1.099400000000e+000, 8.20417e+000
1.101500000000e+000, 8.20417e+000
1.103600000000e+000, 7.80216e+000
1.105700000000e+000, 8.20417e+000
1.107800000000e+000, 8.20417e+000
1.109900000000e+000, 8.20417e+000
1.112000000000e+000, 8.20417e+000
1.114100000000e+000, 7.80216e+000
1.116200000000e+000, 7.80216e+000
1.118300000000e+000, 7.80216e+000
1.120400000000e+000, 7.80216e+000
1.122500000000e+000, 7.80216e+000
1.124600000000e+000, 7.80216e+000
1.126700000000e+000, 7.80216e+000
1.128800000000e+000, 7.80216e+000
1.130900000000e+000, 7.80216e+000
1.133000000000e+000, 7.80216e+000
1.135100000000e+000, 7.80216e+000
1.137200000000e+000, 7.80216e+000
1.139300000000e+000, 7.80216e+000
1.141400000000e+000, 7.80216e+000
1.143500000000e+000, 7.40015e+000
1.145600000000e+000, 7.80216e+000
1.147700000000e+000, 7.80216e+000
1.149800000000e+000, 7.80216e+000
1.151900000000e+000, 7.80216e+000
1.154000000000e+000, 7.40015e+000
1.156100000000e+000, 7.40015e+000
1.158200000000e+000, 7.80216e+000
1.160300000000e+000, 7.40015e+000
1.162400000000e+000, 7.40015e+000
1.164500000000e+000, 7.40015e+000
1.166600000000e+000, 7.40015e+000
1.168700000000e+000, 7.40015e+000
1.170800000000e+000, 7.40015e+000
1.172900000000e+000, 7.40015e+000
1.175000000000e+000, 7.40015e+000
1.177100000000e+000, 7.40015e+000
1.179200000000e+000, 7.40015e+000
1.181300000000e+000, 7.40015e+000
1.183400000000e+000, 7.40015e+000
1.185500000000e+000, 7.40015e+000
1.187600000000e+000, 6.99814e+000
1.189700000000e+000, 7.40015e+000
1.191800000000e+000, 7.40015e+000
1.193900000000e+000, 6.99814e+000
1.196000000000e+000, 7.40015e+000
1.198100000000e+000, 6.99814e+000
1.200200000000e+000, 7.40015e+000
1.202300000000e+000, 6.99814e+000
1.204400000000e+000, 6.99814e+000
1.206500000000e+000, 6.99814e+000
1.208600000000e+000, 6.99814e+000
1.210700000000e+000, 7.40015e+000
1.212800000000e+000, 7.40015e+000
1.214900000000e+000, 6.99814e+000
1.217000000000e+000, 6.99814e+000
1.219100000000e+000, 6.99814e+000
1.221200000000e+000, 6.99814e+000
1.223300000000e+000, 6.99814e+000
1.225400000000e+000, 6.99814e+000
1.227500000000e+000, 6.99814e+000
1.229600000000e+000, 6.99814e+000
1.231700000000e+000, 6.99814e+000
1.233800000000e+000, 6.99814e+000
1.235900000000e+000, 6.99814e+000
1.238000000000e+000, 6.99814e+000
1.240100000000e+000, 6.99814e+000
1.242200000000e+000, 6.59613e+000
1.244300000000e+000, 6.59613e+000
1.246400000000e+000, 6.59613e+000
1.248500000000e+000, 6.99814e+000
1.250600000000e+000, 6.59613e+000
1.252700000000e+000, 6.59613e+000
1.254800000000e+000, 6.59613e+000
1.256900000000e+000, 6.59613e+000
1.259000000000e+000, 6.59613e+000
1.261100000000e+000, 6.59613e+000
1.263200000000e+000, 6.59613e+000
1.265300000000e+000, 6.59613e+000
1.267400000000e+000, 6.59613e+000
1.269500000000e+000, 6.59613e+000
1.271600000000e+000, 6.59613e+000
1.273700000000e+000, 6.59613e+000
1.275800000000e+000, 6.59613e+000
1.277900000000e+000, 6.19412e+000
1.280000000000e+000, 6.59613e+000
1.282100000000e+000, 6.19412e+000
1.284200000000e+000, 6.19412e+000
1.286300000000e+000, 6.59613e+000
1.288400000000e+000, 6.59613e+000
1.290500000000e+000, 6.59613e+000
1.292600000000e+000, 6.19412e+000
1.294700000000e+000, 6.19412e+000
1.296800000000e+000, 6.19412e+000
1.298900000000e+000, 6.19412e+000
1.301000000000e+000, 6.19412e+000
1.303100000000e+000, 6.19412e+000
1.305200000000e+000, 6.19412e+000
1.307300000000e+000, 6.19412e+000
1.309400000000e+000, 6.19412e+000
1.311500000000e+000, 6.19412e+000
1.313600000000e+000, 6.19412e+000
1.315700000000e+000, 6.19412e+000
1.317800000000e+000, 6.19412e+000
1.319900000000e+000, 6.19412e+000
1.322000000000e+000, 6.19412e+000
1.324100000000e+000, 6.19412e+000
1.326200000000e+000, 6.19412e+000
1.328300000000e+000, 6.19412e+000
1.330400000000e+000, 6.19412e+000
1.332500000000e+000, 5.79211e+000
1.334600000000e+000, 5.79211e+000
1.336700000000e+000, 6.19412e+000
1.338800000000e+000, 5.79211e+000
1.340900000000e+000, 5.79211e+000
1.343000000000e+000, 5.79211e+000
1.345100000000e+000, 5.79211e+000
1.347200000000e+000, 5.79211e+000
1.349300000000e+000, 5.79211e+000
1.351400000000e+000, 5.79211e+000
1.353500000000e+000, 5.79211e+000
1.355600000000e+000, 5.79211e+000
1.357700000000e+000, 5.79211e+000
1.359800000000e+000, 5.79211e+000
1.361900000000e+000, 5.79211e+000
1.364000000000e+000, 5.79211e+000
1.366100000000e+000, 5.79211e+000
1.368200000000e+000, 5.79211e+000
1.370300000000e+000, 5.79211e+000
1.372400000000e+000, 5.79211e+000
1.374500000000e+000, 5.39010e+000
1.376600000000e+000, 5.79211e+000
1.378700000000e+000, 5.79211e+000
1.380800000000e+000, 5.79211e+000
1.382900000000e+000, 5.39010e+000
1.385000000000e+000, 5.39010e+000
1.387100000000e+000, 5.39010e+000
1.389200000000e+000, 5.39010e+000
1.391300000000e+000, 5.39010e+000
1.393400000000e+000, 5.39010e+000
1.395500000000e+000, 5.39010e+000
1.397600000000e+000, 5.39010e+000
1.399700000000e+000, 5.39010e+000
1.401800000000e+000, 5.39010e+000
1.403900000000e+000, 5.39010e+000
1.406000000000e+000, 5.39010e+000
1.408100000000e+000, 5.39010e+000
1.410200000000e+000, 5.39010e+000
1.412300000000e+000, 5.39010e+000
1.414400000000e+000, 5.39010e+000
1.416500000000e+000, 5.39010e+000
1.418600000000e+000, 4.98809e+000
1.420700000000e+000, 5.39010e+000
1.422800000000e+000, 5.39010e+000
1.424900000000e+000, 5.39010e+000
1.427000000000e+000, 5.39010e+000
1.429100000000e+000, 5.39010e+000
1.431200000000e+000, 5.39010e+000
1.433300000000e+000, 5.39010e+000
1.435400000000e+000, 5.39010e+000
1.437500000000e+000, 5.39010e+000
1.439600000000e+000, 4.98809e+000
1.441700000000e+000, 4.98809e+000
1.443800000000e+000, 4.98809e+000
1.445900000000e+000, 4.98809e+000
1.448000000000e+000, 4.98809e+000
1.450100000000e+000, 4.98809e+000
1.452200000000e+000, 5.39010e+000
1.454300000000e+000, 4.98809e+000
1.456400000000e+000, 4.98809e+000
1.458500000000e+000, 4.98809e+000
1.460600000000e+000, 4.98809e+000
1.462700000000e+000, 4.98809e+000
1.464800000000e+000, 4.98809e+000
1.466900000000e+000, 4.98809e+000
1.469000000000e+000, 4.98809e+000
1.471100000000e+000, 4.98809e+000
1.473200000000e+000, 4.98809e+000
1.475300000000e+000, 4.98809e+000
1.477400000000e+000, 4.98809e+000
1.479500000000e+000, 4.98809e+000
1.481600000000e+000, 4.98809e+000
1.483700000000e+000, 4.98809e+000
1.485800000000e+000, 4.98809e+000
1.487900000000e+000, 5.39010e+000
1.490000000000e+000, 4.98809e+000
1.492100000000e+000, 5.39010e+000
1.494200000000e+000, 5.39010e+000
1.496300000000e+000, 5.39010e+000
1.498400000000e+000, 5.79211e+000
1.500500000000e+000, 5.79211e+000
1.502600000000e+000, 5.79211e+000
1.504700000000e+000, 6.19412e+000
1.506800000000e+000, 6.19412e+000
1.508900000000e+000, 6.59613e+000
1.511000000000e+000, 6.99814e+000
1.513100000000e+000, 6.99814e+000
1.515200000000e+000, 6.99814e+000
1.517300000000e+000, 6.99814e+000
1.519400000000e+000, 7.40015e+000
1.521500000000e+000, 7.80216e+000
1.523600000000e+000, 7.80216e+000
1.525700000000e+000, 7.80216e+000
1.527800000000e+000, 8.20417e+000
1.529900000000e+000, 8.20417e+000
1.532000000000e+000, 8.60618e+000
1.534100000000e+000, 8.60618e+000
1.536200000000e+000, 9.00819e+000
1.538300000000e+000, 9.00819e+000
1.540400000000e+000, 9.00819e+000
1.542500000000e+000, 9.41020e+000
1.544600000000e+000, 9.41020e+000
1.546700000000e+000, 9.81221e+000
1.548800000000e+000, 9.81221e+000
1.550900000000e+000, 9.81221e+000
1.553000000000e+000, 1.02142e+001
1.555100000000e+000, 1.06162e+001
1.557200000000e+000, 1.02142e+001
1.559300000000e+000, 1.06162e+001
1.561400000000e+000, 1.06162e+001
1.563500000000e+000, 1.10182e+001
1.565600000000e+000, 1.10182e+001
1.567700000000e+000, 1.14203e+001
1.569800000000e+000, 1.14203e+001
1.571900000000e+000, 1.14203e+001
1.574000000000e+000, 1.14203e+001
1.576100000000e+000, 1.18223e+001
1.578200000000e+000, 1.18223e+001
1.580300000000e+000, 1.22243e+001
1.582400000000e+000, 1.18223e+001
1.584500000000e+000, 1.22243e+001
1.586600000000e+000, 1.22243e+001
1.588700000000e+000, 1.22243e+001
1.590800000000e+000, 1.26263e+001
1.592900000000e+000, 1.26263e+001
1.595000000000e+000, 1.26263e+001
1.597100000000e+000, 1.30283e+001
1.599200000000e+000, 1.30283e+001
1.601300000000e+000, 1.30283e+001
1.603400000000e+000, 1.30283e+001
1.605500000000e+000, 1.30283e+001
1.607600000000e+000, 1.30283e+001
1.609700000000e+000, 1.30283e+001
1.611800000000e+000, 1.34303e+001
1.613900000000e+000, 1.34303e+001
1.616000000000e+000, 1.34303e+001
1.618100000000e+000, 1.34303e+001
1.620200000000e+000, 1.34303e+001
1.622300000000e+000, 1.38323e+001
1.624400000000e+000, 1.38323e+001
1.626500000000e+000, 1.38323e+001
1.628600000000e+000, 1.38323e+001
1.630700000000e+000, 1.38323e+001
1.632800000000e+000, 1.38323e+001
1.634900000000e+000, 1.38323e+001
1.637000000000e+000, 1.38323e+001
1.639100000000e+000, 1.38323e+001
1.641200000000e+000, 1.42343e+001
1.643300000000e+000, 1.42343e+001
1.645400000000e+000, 1.38323e+001
1.647500000000e+000, 1.42343e+001
1.649600000000e+000, 1.42343e+001